{"cameraMode":{"drawMode":0,"name":"Shaded","section":"Shading Mode"},"sceneLighting":true,"audioPlay":false,"sceneViewState":{"m_AlwaysRefresh":false,"showFog":true,"showSkybox":true,"showFlares":true,"showImageEffects":true,"showParticleSystems":true,"showVisualEffectGraphs":true,"m_FxEnabled":true},"in2DMode":false,"pivot":{"x":12.723710060119629,"y":11.036978721618653,"z":-9.94184398651123},"rotation":{"x":0.15266086161136628,"y":0.025193411856889726,"z":-0.003891710890457034,"w":0.9879537224769592},"size":9.884151458740235,"orthographic":false}