{"cameraMode":{"drawMode":0,"name":"Shaded","section":"Shading Mode"},"sceneLighting":false,"audioPlay":false,"sceneViewState":{"m_AlwaysRefresh":false,"showFog":true,"showSkybox":false,"showFlares":true,"showImageEffects":true,"showParticleSystems":true,"showVisualEffectGraphs":true,"m_FxEnabled":true},"in2DMode":false,"pivot":{"x":19.670448303222658,"y":-1.6915135383605958,"z":5.330865383148193},"rotation":{"x":0.13768838346004487,"y":0.5615332722663879,"z":-0.09541376680135727,"w":0.8103234171867371},"size":7.0242390632629398,"orthographic":false}